text,language
Ship shape and Bristol fashion,English
Know the ropes,English
Graveyard shift,English
Milk of human kindness,English
Touch with a barge-pole - Wouldn't,English
Sy kan altyd my battery natpiepie.,Afrikaans
When the shit hits the fan,English
Egg on,English
Drag race,English
As queer as a nine bob note,English
Run the gauntlet,English
Raining cats and dogs,English
No laughing matter,English
Run of the mill,English
Piet Pompies van Soetmelksvlei is nie van hier nie.,Afrikaans
A drop in the ocean,English
In a trice,English
Auld lang syne,English
Dock your pay,English
Fair and square,English
As snug as a bug in a rug,English
Christmas box - A,English
Pip - Get the/got the /have the,English
Life's not all beer and skittles,English
Twenty three skidoo,English
Die lewe is 10 % wat met ons gebeur en 90 % ons reaksie daarop.,Afrikaans
Fancy free,English
Neither here nor there,English
"Saam met ons, rondom ons, in ons en by ons is die onsienlike. Hy sal altyd daar wees.",Afrikaans
As fit as a butcher's dog,English
The customer is always right,English
Dog is a man's best friend,English
"Vroeg uit die bed, maak die beursie vet!",Afrikaans
"Die man met min woorde, se rekenaar is so kompak, dat daar nie plek is vir kaf nie.",Afrikaans
Knock into a cocked hat,English
Hulle is dik soos diewe.,Afrikaans
Grass up,English
Raise Cain,English
"“Pluk so ‘n spierwit dingetjie uit haar handsak en paf-paf op haar neus.” – CM van den Heever, Langs die Grootpad",Afrikaans
Your name is mud,English
Veel geskreeu en weinig wol.,Afrikaans
"Wyse woorde val dikwels op bar grond, maar ‘n vriendelike woord word nooit misken nie.",Afrikaans
Beauty is only skin deep,English
Strait-laced,English
As easy as pie,English
It is meat and drink to me,English
Using a sledgehammer to crack a nut,English
Om jou op die haaivlakte te bevind.,Afrikaans
Die gefluisterde woord trek verder as die harde geskreeu.,Afrikaans
Kick the bucket,English
Kop bo water hou.,Afrikaans
Many a true word is spoken in jest,English
Hy het ‘n hallelujagesig en jazzvoete.,Afrikaans
Pound of flesh,English
(By the) skin of your teeth,English
Flesh and blood,English
Sy het ‘n regte naweeklyfie.,Afrikaans
Brownie points,English
Hy het miere.,Afrikaans
"POSH - Port out, starboard home",English
"Je moet geen oude schoenen weggooien, voordat je nieuwe hebt.",Nederlands
Kerm soos ‘n kat oor ‘n derm.,Afrikaans
Met broek en baadjie .,Afrikaans
If I had my druthers,English
Rub of the green,English
Die henne wat die meeste kekkel lê nie die meeste eiers nie.,Afrikaans
Raspberry tart,English
Keep up with the Joneses,English
"Persoonlikheid het die mag om deure oop te maak, maar karakter is nodig om hul oop te hou.",Afrikaans
"While you live, tell truth and shame the Devil!",English
Ear-mark,English
Sticks and stones may break my bones,English
Doff your hat,English
Different kettle of fish,English
"Hê jou vyande lief, want jy het hulle gemaak.",Afrikaans
As pleased as Punch,English
Hangskouers soos ‘n kasteroliebottel.,Afrikaans
Run a mile,English
Put the wood in the hole,English
“Sy praat so baie sy sal die agterbeen van ‘n donkie afpraat.”,Afrikaans
God is dead,English
To boot,English
Tide over,English
Tyd is geld.,Afrikaans
Veg out,English
Exceedingly well read,English
Win one for the Gipper,English
Hand over fist,English
"Wie zaait, zal oogsten.",Nederlands
Glass ceiling,English
Straight from the horse's mouth,English
Sound out,English
Stitch in time saves nine - A,English
Put up your dukes,English
Hy is ‘n regte cheapskate.,Afrikaans
Bodice ripper,English
All of a sudden,English
Paper tiger,English
Blot on the landscape,English
Got my mojo working,English
Karakter is soos ‘n boom en reputasie sy skaduwee. Die skaduwee is wat ons daarvan dink; die boom is die werklikheid.,Afrikaans
The hair of the dog that bit you,English
Hoi polloi,English
Hy is nie so groen dat ‘n koei hom sal vreet nie.,Afrikaans
Don't have a clue,English
Curate's egg,English
Ashes to ashes dust to dust,English
To big for your boots,English
"Om te wees wat ons is en te word waartoe ons in staat is, is die enigste doelwit in die lewe.",Afrikaans
A plague on both your houses,English
Deus ex machina,English
"Wie het eerst komt, het eerst maalt.",Nederlands
Backroom boy,English
Elbow-grease,English
"Die by wat die lekker heuning maak, steek seer.",Afrikaans
Dog's bollocks,English
Night owl,English
’n Warm hart steek die ander aan die brand.,Afrikaans
Barking mad,English
Is the Pope Catholic?,English
"Goody, goody gumdrops",English
Course of true love never did run smooth - The,English
The nth degree,English
Lamb to the slaughter,English
Chain is only as strong as its weakest link - A,English
(The) penny drops,English
Soebat en bangoog kyk help niks.,Afrikaans
Writing is on the wall - The,English
Pull up stakes,English
Dog's dinner,English
The mutt's nuts,English
Shot in the arm,English
See red,English
So besig soos 'n miernes wees.,Afrikaans
Gedane zaken nemen geen keer.,Nederlands
"Die beste manier om ‘n goeie indruk op iemand te maak, is om hom die geleentheid te gee om ‘n goeie indruk op jou te maak.",Afrikaans
"Hanged, drawn and quartered",English
Met ‘n aalwynpil in jou kies loop.,Afrikaans
Dead ringer,English
Jy kan van ‘n padda nie vere pluk nie.,Afrikaans
Arms akimbo,English
In a cleft stick,English
From sea to shining sea,English
Nou is jy regte Slim Jan vandat jou twak nie meer nat is nie!,Afrikaans
Smoke and mirrors,English
Wolf in sheep's clothing,English
Rumpy-pumpy,English
A dish fit for the gods,English
So maklik soos brood en botter.,Afrikaans
I'll be there with bells on,English
A little bird told me,English
Japie my skapie jy hou my hart se punt in die holte van jou skaapwagters-hande.,Afrikaans
Turn of phrase,English
Pipe dream - A,English
The die has been cast,English
Don't go there,English
Boogie-woogie,English
In like Flynn,English
By gum,English
Let your hair down,English
The heebie-jeebies,English
Aan alles komt een eind.,Nederlands
Word association football,English
Wraak maak jou gelyk met jou vyand. Vergifnis plaas jou hoër as hy.,Afrikaans
Charmed life,English
Vir dertig stukke silwer.,Afrikaans
In trouble,English
In the red,English
Geen spiesen maacht so diepe wonden als achterklap en boose monden.,Afrikaans
Bunch of fives - A,English
Broad in the beam,English
"Sielkundiges se manier van groet: “Dit gaan goed met JOU, hoe gaan dit met my?”",Afrikaans
Knuckle down,English
Birds and the bees - The,English
Get underway,English
Riding shotgun,English
Like the clappers,English
Get one's dander up,English
A nest of vipers,English
Feather in one's cap - A,English
Take potluck,English
Put your best foot forward,English
Nuuskierige agies hoort in die wolwehok!,Afrikaans
What you see is what you get - wysiwyg,English
I'll go to the foot of our stairs,English
Ring-fencing,English
Wouldn't touch with a barge-pole,English
On cloud nine,English
Skid row,English
Carbon-copy,English
"Kind, onthou net één ding: Jy kon nie jou ouers en voor-ouers kies nie.",Afrikaans
Save one's bacon,English
Knight in shining armour,English
The collywobbles,English
Best laid schemes of mice and men - The,English
Fellow traveller,English
"Frailty, thy name is woman",English
Toe Jors sy eks sien by die kroegtoonbank spring hy knipmes-om.,Afrikaans
"Wat jou lot ookal in die lewe is, bou iets daarop.",Afrikaans
There's no such thing as a free lunch (Tanstaafl),English
Fashion victim,English
A place for everything and everything in its place,English
Hy lag al die pad bank toe.,Afrikaans
My husband and I,English
Dis nie ‘n pyp dagga werd nie.,Afrikaans
"“Dis jy wat met haar getjoing-tjoing het en nie ek nie.” – Mikro, Gonnakolk",Afrikaans
Loose lips sink ships,English
Know which way the wind blows,English
Chinese whispers,English
Gierigheid is die wortel van alle kwaad.,Afrikaans
Cat out of the bag - Let the,English
Selfs God se engele kan ons nie red as ons gedurig ons eie kop wil volg nie.,Afrikaans
So tuis wees soos 'n vis in die water.,Afrikaans
The proof of the pudding is in the eating,English
Die blerrie tweegesig blaf met die honde en huil met die wolwe.,Afrikaans
A diamond is forever,English
"Fie, foh, fum, I smell the blood of an Englishman",English
Aide-mémoire,English
Better half,English
Hell or high water,English
Ministering angel shall my sister be - A,English
As fine as frog's hair,English
"Age cannot wither her, nor custom stale her infinite variety",English
Three strikes and you are out,English
A man after my own heart,English
Baby boomer,English
Never-never land,English
La dolce vita,English
Die bottel goed aanspreek.,Afrikaans
Thorn in the flesh,English
Die pad is snuif tussen Soebatsfontein en Koingnaas.,Afrikaans
Open season,English
Sy gewete is toegeskroei.,Afrikaans
All the tea in China - Not for,English
Full tilt,English
Die goudpot aan die einde van die reënboog.,Afrikaans
Twelve good men and true,English
Bacon - Bring home the,English
Children should be seen and not heard,English
Katy bar the door,English
Walk the walk,English
‘n Vergenoegde mens kan die natuurskoon langs ‘n pad geniet.,Afrikaans
Geleenthede gaan by mense verby omdat dit ‘n oorpak aan het en na werk lyk!!!,Afrikaans
Below the salt,English
Get a word in edgeways,English
First water,English
Going for a burton,English
Chinless wonder,English
Call of the wild - The,English
Fight fire with fire,English
Generation X,English
Heavy metal,English
Dit is met geen goud te betaal nie.,Afrikaans
Davy Jones' locker,English
In die gras byt.,Afrikaans
Vanaand braai ons weer ‘n slag skaalvleis!,Afrikaans
Hoity-toity,English
A fool's paradise,English
Card-sharp,English
Shakespeare (phrases and sayings of),English
Usual suspects - The,English
Amber nectar,English
Cotton on to,English
"Wanneer die moeilikheid so groot soos ‘n berg is, klim die wyse bo-oor. Die dwaas graaf ‘n tonnel onderdeur en bly binne vassteek. Die lafaard draai om.",Afrikaans
Crocodile tears,English
Die mannetjie kwyl agter rok-goed aan.,Afrikaans
Where there's muck there's brass,English
Piggyback,English
Savoir faire,English
In spades,English
By die verkeerde boom blaf.,Afrikaans
Man does not live by bread alone,English
"‘n Mens moet onthou WIE die tafel gedek het, WIE die kos voorberei het.",Afrikaans
"Broke - if it ain't, don't fix it",English
Jobs for the boys,English
Red in tooth and claw,English
Put the mockers on,English
What's not to like?,English
‘n Blaadjie uit iemand se boek neem.,Afrikaans
Op die koop toe.,Afrikaans
(It) fell off the back of a truck,English
Cookie cutter,English
Hard hearted,English
Bill Stickers is innocent,English
Carbon footprint,English
Geld wat sleg is maak krom wat reg is.,Afrikaans
Die rol van Ma-wees is moontlik die belangriste beroep wat enige vrou kan be-oefen.,Afrikaans
Ankle biter,English
‘n Mens kan met ‘n bokwa en ‘n lang span osse daarin draai.,Afrikaans
Cold shoulder,English
"If you can't stand the heat, get out of the kitchen",English
A house divided against itself cannot stand,English
History is bunk,English
A stone's throw,English
Season of mists and mellow fruitfulness,English
Mumbo jumbo,English
Gone for a burton,English
"Die grootste diens wat aan enige land  bewys kan word, is om ‘n nuttige plant tot sy landboukultuur toe te voeg.",Afrikaans
Flavor of the month,English
Hulle breek nie brandhout van dieselfde tak nie.,Afrikaans
Nice as ninepence,English
Game of two halves,English
Take umbrage,English
Fathom out,English
"Iets wat bietjie goed is, is nie goed genoeg nie. Matigheid in humeur is altyd ‘n deug, maar matigheid in beginsel, is altyd ‘n ondeug.",Afrikaans
Blast from the past - A,English
Eye candy - see ear candy,English
Twee vliegen in één klap slaan.,Nederlands
Sy tand koggel hom.,Afrikaans
"Celeste Herman: “‘n Mooi uiterlike vang die oog vir ‘n wyle, maar ‘n mooi innerlike word ‘n leeftyd deur die hart vasgevang.”",Afrikaans
Ek is Piet Verdriet op Moedverloor se vlakte vandag.,Afrikaans
Camera cannot lie - The,English
Beauty is in the eye of the beholder,English
Adam's ale,English
"Makkelijker gezegd, dan gedaan.",Nederlands
"As jyself dink en doen, is jy beperk tot jouself. As jy LEES en DINK en DOEN, is die wye wêreld jou helper.",Afrikaans
Up to snuff,English
Prick up your ears,English
Gung ho,English
"Et tu, Brute",English
Rosie Lea,English
Dit is die klein botteltjies wat die groot gif het.,Afrikaans
Cut off your nose to spite your face,English
Jump the shark,English
“Byt jy weer borrels.”  – ingestuur deur Lödveteig Nan,Afrikaans
Ends of the earth - The,English
Baker's dozen,English
Chit-chat,English
Een gegeven paard moet je niet in de bek kijken.,Nederlands
Long in the tooth,English
My bad,English
Hy dink hy kan biltong saamneem.,Afrikaans
Bone up on,English
Stool pigeon,English
White as snow,English
Carte blanche,English
"Pasop! Wat jy met jou hande opbou, moet jy nie met jou agterent omstamp nie.",Afrikaans
About turn,English
Beter voorkomen dan genezen.,Nederlands
Geduld is ‘n stadige manier om jou moer te strip.,Afrikaans
Jack - phrases that include the name Jack,English
Hard lines,English
Tail wagging the dog - The,English
Pester power,English
"Hoe beter man jy is, hoe jammerder is dit van die fout wat jy het. Dis op die wit papier wat die swart klad duidelik wys.",Afrikaans
Soort zoekt soort.,Nederlands
Bowled a maiden over,English
Stump up,English
Khyber pass,English
Twee mossies vir ‘n stuiwer.,Afrikaans
Hy is ‘n ongeslypte diamant.,Afrikaans
Crack of doom - The,English
Nip and tuck,English
Montezuma's Revenge,English
Nine days' wonder,English
Lick into shape,English
So maklik soos brood en botter.,Afrikaans
According to Hoyle,English
Piece of the action,English
A legend in one's own lifetime,English
It's better to give than to receive,English
"Selfs in my oupa-grootjie se tyd, was daar iets wat jou aan die slaap kon kry. Hulle het dit werk genoem….",Afrikaans
Politically correct,English
Under your hat - Keep it,English
I'll have your guts for garters,English
Kiss and tell,English
Go the whole hog,English
"‘n Man kan nog per ongeluk op jou tone trap, maar as hy op jou kop trap, is dit moedswillig.",Afrikaans
The Devil to pay,English
Play by ear,English
Fruits of your loins,English
Proverbs - A list of,English
Bed of roses,English
Gilt off the gingerbread,English
Cordon bleu,English
Last straw - The,English
Sorry sight,English
All in all,English
What's in a name? That which we call a rose by any other name would smell as sweet,English
"Hoe dieper ik poog te delven, hoe meer ik bederf ontmoet.",Afrikaans
Multitude of sins,English
Shit end of the stick - The,English
Stick in the mud,English
The jury is still out,English
Hy laat hom nie met blou ertjies op loop jaag nie.,Afrikaans
"To be or not to be, that is the question",English
Langnek-Kaatjie soen.,Afrikaans
It's not rocket science,English
Al die paaie lei na Rome en die kronkelpaaie na ons drome.,Afrikaans
Apple of my eye - The,English
The best laid schemes of mice and men,English
Big Apple - The,English
Keepy-uppy,English
Dit kom nog uit Noag se ark saam met Metusalem.,Afrikaans
"Om elke dag te lewe asof dit jou laaste is – nooit oorhaastig nie, nooit ongevoelig nie, nooit met aansit nie – dit is die perfekte karakter.",Afrikaans
Faint-hearted,English
Push the boat out,English
More honoured in the breach than in the observance,English
Mad as a hatter,English
Point to point,English
Bewaar jou gebeente!,Afrikaans
Folk Etymology - The Nonsense Nine,English
Ek is nou die baas en jy is Klaas met ou Hansie die kneg.,Afrikaans
Rat arsed,English
"“Die koringkorrels sjor op die dorsvloer neer.” – Boerneef, Boplaas",Afrikaans
Piping hot,English
Jump on the bandwagon,English
"Hasta la vista, baby",English
Let the cat out of the bag,English
Jack in the box,English
Go to the dogs,English
Mutt's nuts - The,English
Devil take the hindmost - The,English
Brass tacks - get down to,English
Daar is geen opregter liefde as die liefde vir kos nie.,Afrikaans
Caught red-handed,English
"U straf is te swaar vir my op aarde. Jy sal word ‘n doellose swerwer op aarde, jou handewerk sal vervloek wees. Die aarde wat jy bewerk sal niks oplewer nie.",Afrikaans
Powers that be - The,English
Die wonder van ‘n nuwe oggend is dat dit ons die geleentheid gee om VOOR TE BEGIN!,Afrikaans
"As jy by iemand se vuur gaan sit, moet jy eers kyk van watter kant die wind waai.",Afrikaans
Mother country,English
Iemand afkam.,Afrikaans
Cut to the chase,English
Household words,English
Help jou buurman om sy las te dra en jy sal jou verwonder hoveel ligter jou eie word.,Afrikaans
Third time lucky,English
Derring-do,English
Hy kedoem sy kitaar so nou en dan.,Afrikaans
Start from scratch,English
Marital aid,English
On Carey Street,English
Every cloud has a silver lining,English
Good man is hard to find - A,English
Mad as a march hare,English
"There but for the grace of God, go I",English
Dit is peper duur.,Afrikaans
Off the record,English
Oude liefde roest niet.,Nederlands
The road less travelled,English
Alive and kicking,English
Ma’s en huisvroue is die enigste werkers wat nie gereelde vrye tye kry nie. Hulle is die groot vakansielose klas.,Afrikaans
You'll wonder where the yellow went when you brush your teeth with Pepsodent,English
Famous for fifteen minutes,English
Fall guy,English
Wild goose chase,English
Nice kettle of fish,English
Meat and drink,English
Die ding lyk maar tonteldoek.,Afrikaans
"Wie kaatst, moet de bal terug verwachten.",Nederlands
Billy-o - Like,English
Nitty-gritty,English
"Vroeg begonnen, veel gewonnen.",Nederlands
Pleased as Punch,English
Point-and-click,English
"He who can, does; he who cannot, teaches",English
Jy kan nie uitdeel wat jy nie het nie.,Afrikaans
All things must pass,English
A safe pair of hands,English
Something for the weekend sir?,English
Words ending in gry,English
Talk the talk,English
More bang for your buck,English
Not for all the tea in China,English
The whole nine yards,English
Fanny Adams - Sweet,English
Miss is as good as a mile,English
Loop soos ‘n hen wat nes soek.,Afrikaans
Not rocket science,English
"As jy nie hande het, kan jy nie ’n vuis maak nie.",Afrikaans
"All singing, all dancing",English
Grind to a halt,English
Drop-dead gorgeous,English
Dark side - The,English
‘n Mens moet nooit lag as ‘n dief op ‘n fiets deur ‘n trein getrap word nie. Dit kan moontlik jou fiets wees.,Afrikaans
I haven't got a clue,English
No-brainer,English
Lackadaisical,English
Two cents worth,English
Geen woorden maar daden.,Nederlands
#ColouredSpreekWoorde was vroeër die week die gewildste onderwerp op Twitter in Suid-Afrika. Ons het so ‘n paar geskraap << KLIK op die skakel vir Coloured Spreekwoorde,Afrikaans
Mighty oaks from little acorns grow,English
Back to square one,English
Here lies one whose name is writ in water,English
"Dis ‘n tragedie as daar iets in jou sterf, terwyl jy nog lewe.",Afrikaans
Keep your chin up,English
Pig in a poke,English
Brass monkey weather,English
"Die manier om ‘n goeie reputasie te kry, is om eerlik te streef na die beeld wat jy wil wees.",Afrikaans
All fingers and thumbs,English
Fall off the back of a lorry,English
In a quandary,English
Put your nose out of joint,English
"As jy skop, kan jy nie trek nie en as jy trek, kan jy nie skop nie.",Afrikaans
Lock stock and barrel,English
The face that launched a thousand ships,English
Red letter day,English
Red sky at night ...,English
Moet nooit ‘n apologie met ‘n verskoning bederf nie.,Afrikaans
Beat a hasty retreat,English
Third degree - The,English
Mickey Finn,English
"Moenie wag dat iets vorendag km nie, vat ‘n graaf en soek die skat.",Afrikaans
Biblical phrases,English
The moving finger writes,English
Truth is stranger than fiction,English
Staan of hy geld in die bank het.,Afrikaans
Ganse aanja.,Afrikaans
A load of cobblers,English
Hou jy van hospitaalkos?  [bydrae: Herman Janse van Rensburg],Afrikaans
"As is en was, nou nie daar was of was het is gebly en daar was nooit ‘n by wat was, dan was was mos is gewees.",Afrikaans
Face that launched a thousand ships - The,English
Finger lickin good,English
Red herring,English
Cat may look at a king - A,English
Je moet niet op één paard wedden.,Nederlands
A norange,English
Ginned up,English
Koerland se vleiseter is 'n lui kalant en so uitgeslape soos my prokureur nie kan droom om te wees.,Afrikaans
Last but not least,English
Show a leg - see shake a leg,English
So bang soos ‘n Bolander vir donderweer.,Afrikaans
Draw your horns in,English
Apie kyk vir kerriekos!,Afrikaans
Geld groei nie aan bome nie.,Afrikaans
There are three kinds of lies...,English
Top drawer,English
Hy het die druiwekar gery.,Afrikaans
All you can eat,English
A fool and his money are soon parted,English
Misery acquaints a man with strange bedfellows,English
"Once more unto the breach, dear friends, once more",English
Love that dare not speak its name - The,English
"Wie a zegt, moet ook b zeggen.",Nederlands
The Crapper,English
Saved by the bell,English
Morbid obesity,English
Blue-plate special,English
Behind the eight ball,English
Titfer,English
A sight for sore eyes,English
Never the twain shall meet,English
By the skin of your teeth,English
Hush puppies,English
Ou bokke pluk die hoogste doringpeule.,Afrikaans
Dit gaan maar patats.,Afrikaans
Absolute power corrupts absolutely,English
Butt end of the stick - The,English
Go to the foot of our stairs,English
Common sense,English
Fait accompli,English
Senior burgers: Vraag: “Wat maak julle heeldag?” Antwoord: “Ons soek ons goed en probeer onthou wat ons vergeet het!!!!”,Afrikaans
Die gekke kry die kaarte.,Afrikaans
Loop gee die hoenders kos!,Afrikaans
"Om vas te staan wanneer jy iets weet en toe te gee dat jy soms iets nie weet nie, dit is KENNIS.",Afrikaans
Bietjie baard maar klipsteenhard.,Afrikaans
Give a wide berth,English
Thing of beauty is a joy forever - A,English
'Scuse me while I kiss this guy,English
Cool as a cucumber,English
Die druiwestokke werk met hom.,Afrikaans
One's heart's content,English
Spin doctor,English
Double Dutch,English
Sy binneleisel is te kort.,Afrikaans
Monty - The full,English
Salad days,English
A word in your shell-like,English
Daylight robbery,English
As old as Methuselah,English
Just deserts,English
Hot-blooded,English
Hulle krap op plekke waar hulle nie jeuk nie en ander jeuk weer op plekke waar hulle nie kan krap nie!,Afrikaans
A shot in the arm,English
Buggins' turn,English
"Kritiek is iets wat jy kan vryspring deur NIKS te sê nie, NIKS te doen nie en NIKS te wees nie.",Afrikaans
"GOLF - Gentlemen only, ladies forbidden",English
Know your onions,English
Dicky-bird - Not a,English
"Brandewyn en vroueraad is goeie dinge, maar jy moet dit bietjies-bietjies gebruik.",Afrikaans
Rock and roll,English
One over the eight,English
Acid test,English
Not worth the candle,English
(The) sky's the limit,English
Jors se gat stamp.,Afrikaans
Ek word alte ongelukkig as ‘n grootman so inkokkewiet werk.,Afrikaans
In limbo,English
Cop an attitude,English
"As jy dan dwing om te val, doen dit terwyl jy nog op die onderste trappie is.",Afrikaans
Yellow Peril,English
Sticky wicket,English
The great unwashed,English
A chain is only as strong as its weakest link,English
Beef and reef,English
The third degree,English
Stiff upper lip,English
Hunky-dory,English
Een gewaarschuwd mens telt voor twee.,Nederlands
Save face,English
Horse's mouth - straight from the,English
Uneasy lies the head that wears a crown,English
Load of cobblers,English
To boldly go where no man has gone before,English
One swallow doesn't make a summer,English
Belle of the ball,English
"‘n Druppel gal is in die soetste wyn; ‘n Traan op elk vrolik snaar; in elke lag ‘n sug van pyn, in elke roos ‘n dowwe blaar. Gewis is alles net ‘n grap! Ons speel in die komedie mee; geblinddoek met ‘n lanferlap; wat selfs die son ‘n skadu gee. Die een wat deur die nag ons pret beloer en laaste lag – is Skoppenboer!",Afrikaans
Quality time,English
Walk free,English
(A) bigger bang for your buck,English
Head over heels,English
Faith will move mountains,English
A countenance more in sorrow than in anger,English
Je moet geen slapende honden wakker maken.,Nederlands
Laughing-stock,English
Speak of the Devil,English
Turn up for the books,English
Pig and whistle,English
Three sheets to the wind,English
Hy doen dermwerk.,Afrikaans
Bats in the belfry,English
As happy as a clam,English
Big fish in a small pond - A,English
Across the board,English
We have seen better days,English
Sex and shopping,English
For every thing there is a season,English
The fat of the land,English
Foregone conclusion,English
Mea culpa,English
The floozie in the jacuzzi,English
Two heads are better than one,English
Wooden hill to Bedfordshire,English
It's all grist to the mill,English
Hy druk almanakke.,Afrikaans
"Die taal van die veroweraar in die mond van die verowerde, is die taal van slawe.",Afrikaans
Beat swords into ploughshares,English
Die Gautengers lê witpens op Kampsbaai se strand.,Afrikaans
"Ledigheid is die duiwel se oorkussing, lig jou alie en kry jouself in rat.",Afrikaans
Raze to the ground,English
No quarter given,English
I have nothing to declare but my genius,English
Ek sal kan doen met ‘n miljoen.,Afrikaans
Angry young man,English
Tot by oom Daantjie in die kalwerhok.,Afrikaans
Senior citizen,English
Rose by any other name would smell as sweet - A,English
Willy nilly,English
Cold comfort,English
Abracadabra,English
Out of the mouths of babes and sucklings,English
Plates of meat,English
As happy as Larry,English
Dog's breakfast,English
Catbird seat - In the,English
Binge drinking,English
Survival of the fittest,English
Ginger up,English
Piece of cake - A,English
Boss eyed,English
Spend a penny,English
Sixes and sevens - At,English
Horse and cart,English
One-hit wonder,English
Paint the town red,English
Bells and whistles,English
Dit help nie om in die dooie kole te blaas nie. Jy blaas hul net kouer en jou oë vol as.,Afrikaans
The - unkindest cut of all,English
Tomorrow is another day,English
Cock-sure,English
"Sou daar ‘n weersien wees, of is ons verdoem tot verpulwerde deeltjies van eens warm vlees.",Afrikaans
Pie - as easy as,English
No dice,English
So tussen die by en die koek.,Afrikaans
One for the road,English
"Bid vir ‘n goeie oes, maar hou aan werk.",Afrikaans
Die kwaaikind moet uitgebrand word.,Afrikaans
Dit ruik na geld.,Afrikaans
Up in arms,English
Hear hear,English
He who laughs last laughs longest,English
Jors het al weer gestook.,Afrikaans
Gridlock,English
Gregory Peck,English
Lay it on with a trowel,English
Liefde maakt blind.,Nederlands
No room to swing a cat,English
One stop shop,English
The Yellow Peril,English
Real McCoy,English
As armoede by die voordeur inkom gaan liefde by die agterdeur uit.,Afrikaans
Chop-chop,English
For whom the bell tolls,English
On the warpath,English
Economical with the truth,English
Wrong end of the stick - The,English
Flash in the pan,English
‘n Pot vol goud.,Afrikaans
Hot off the press,English
Norange - A,English
With bells on,English
Jack Palancing,English
Age before beauty,English
Fall from grace,English
Let there be light,English
‘n Graaf was my pen en die grond was my boek.,Afrikaans
Dressed to the nines,English
In the twinkling of an eye,English
Achilles' heel,English
Movers and shakers,English
You can lead a horse to water but you can't make it drink,English
Tongue in cheek,English
Screw your courage to the sticking place,English
Far be it from me,English
Read the riot act,English
Get off on the wrong foot,English
Preaching to the choir,English
Hy is in hart en niere ‘n Bok-ondersteuner.,Afrikaans
Hy staan op die dak.  – ingestuur deur June Edwards,Afrikaans
"No way, Jose",English
Nothing is certain but death and taxes,English
"As jy geluk wil vind en soek, sal jy dit kry, soos die ou dame haar bril – al die tyd veilig op haar neus…",Afrikaans
A load of codswallop,English
Hit the ground running,English
Go over like a lead balloon,English
Bob's your uncle,English
Left in the lurch,English
Many are called but few are chosen,English
Belt and braces,English
A fish out of water,English
Sweet Fanny Adams,English
Action man,English
Ek kon my weldade dikker gesaai het en hulle sou mekaar nie verdring het nie.,Afrikaans
Julius se gesante en trawante raak al minder.,Afrikaans
Wat laat oom Japie weer die grootsê so hoog uit die takke haal?,Afrikaans
Wick - you get on my,English
Bad egg,English
Put a sock in it,English
Om groot te skrik is soms meer werd as goeie raad.,Afrikaans
Hard cheese,English
Sod's Law,English
Below the belt,English
Ducks and drakes,English
Security blanket,English
Dit gaan jou blikkies.,Afrikaans
Gussied-up,English
The balance of power,English
Charley horse,English
The game is up,English
"Seks is soos jou salaristjek, mens praat nie regtig daaroor nie, want netnou kry die ander ou meer as jy.",Afrikaans
Absent without leave,English
My cup of tea,English
Let a thousand flowers bloom,English
The salt of the earth,English
Hy dink hy is die goewerneur se hond se oom.,Afrikaans
Hy is ‘n geldwolf.,Afrikaans
Happy as a clam,English
Like two peas in a pod,English
The course of true love never did run smooth,English
In the limelight,English
Die laaitie se hakskene word rooi.,Afrikaans
Peter out,English
Het jy al jou bakkies geskottel?,Afrikaans
Hissy fit,English
Done to a turn,English
The seven-year itch,English
Sacred cow,English
Moenie die krag onderskat van dom mense in groot getalle nie.,Afrikaans
Cock and bull story,English
"As die hemel val, is ons almal dood.",Afrikaans
To the manner born,English
Counting sheep,English
Take with a grain of salt,English
Excuse my French,English
"As jy daaroor kan lag, kan jy daarmee saamleef.",Afrikaans
Dis klaar Hel op aarde om met ‘n goeie vrou getroud te wees – wat nog te sê met ‘n slegte vrou!,Afrikaans
'n Ou bok hou van jong blare.,Afrikaans
Onder iemand se duiwe skiet.,Afrikaans
High horse - get off your,English
Scott (Sir Walter - phrases coined by),English
So bang soos ‘n haas vir ‘n hond.,Afrikaans
The whole shebang,English
Het regent pijpenstelen,Nederlands
Bee-line - make a bee-line for,English
Cook the books,English
Hy is meer verward as ‘n bergie onder huisarres.,Afrikaans
The tail wagging the dog,English
High on the hog,English
Fuddy-duddy,English
At loggerheads,English
Kettle of fish,English
Play fast and loose,English
Wear the trousers,English
The buck stops here,English
Eat drink and be merry,English
"Ars longa, vita brevis",English
Mexican wave,English
Elvis has left the building,English
Fine words butter no parsnips,English
Balance of trade - The,English
Diamond is forever - A,English
Grandfather clock,English
Bee's knees - The,English
Toffee-nosed,English
Date rape,English
Die-hard,English
Hy het ‘n aap op sy rug.,Afrikaans
Many a little makes a mickle,English
Pull yourself up by your bootstraps,English
Knock off,English
Basket case,English
Channel surfing,English
"If you think that, you have another think coming",English
Bag and baggage,English
Je bent nooit te oud om te leren,Nederlands
Dog days,English
"Between you, me and the bed-post",English
Lager frenzy,English
Lie low,English
Finagle's Law,English
Gemoedskalmte en beheersug sit nie in dieselfde leunstoel nie.,Afrikaans
"O ye, of little faith",English
Daardie ou mannetjie is darem maar ‘n kapoevaproppie.,Afrikaans
High-flyer,English
"As petrol en vuur bymekaar kom, brand dit en as mis en donderweer bymekaar kom. reën dit.",Afrikaans
Which witch is which?,English
Spare the rod and spoil the child,English
Laugh like a drain,English
Lo and behold,English
Grond vreet.,Afrikaans
"Dit verg meer moed om te ly, as om te sterf.",Afrikaans
Queer as a nine bob note,English
Chalk and cheese,English
Ek sal jou opkoffie as jy sê my span speel sleg.,Afrikaans
Hands down,English
Place for everything and everything in its place - A,English
Stranger danger,English
Battle royal,English
"Rag, tag and bobtail",English
Onder die besemstok staan.,Afrikaans
Twenty four seven,English
Ek verwonder my dat daardie sterk vrou so skielik dood is en daardie siek man so lank leef….,Afrikaans
Cat got your tongue?,English
Like it or lump it,English
Bezint eer gij begint.,Nederlands
How are the mighty fallen?,English
A foot in the door,English
Die plaas is nie ‘n koei wat in die hemel kos kry en op aard gemelk kan word nie.,Afrikaans
Spruce-up,English
Go whole hog,English
Whole nine yards - The,English
Bee in your bonnet,English
On the button,English
Die has been cast - The,English
Beat the living daylights out of someone,English
Take the cake,English
Wag tot Letjie kom.,Afrikaans
Four by two,English
Nip in the bud,English
Die berg het ‘n muis gebaar.,Afrikaans
Hunt and peck,English
Hy is op die afdraand met sy briek los.,Afrikaans
Woe betide you,English
Te laat vir sy eie begrafnis wees.,Afrikaans
Run out of steam,English
Loved-up,English
Back to basics,English
The pip - Get/got/have,English
Happy clappy,English
Die mens met min woorde se solder is so klein dat daar nie plek vir kaf is nie.,Afrikaans
"Geld is kleurblind, maar terselfdertyd uiters sensitief vir politike uitsprake.",Afrikaans
Hy is ‘n wolf in skaapklere.,Afrikaans
Beware the Ides of March,English
Not my cup of tea,English
Too much of a good thing,English
Riff-raff,English
Spitting feathers,English
Moenie oor my treur nie – wees bly dat ek eens hier was.,Afrikaans
Market forces,English
Indian summer,English
The balance of trade,English
Above board,English
Is the Pope Polish?,English
Better to have loved and lost than never to have loved at all,English
Plain sailing,English
Things that go bump in the night,English
"Wonder waar was Jors en sy meisie gisteraand, sy het al weer kruipknietjies.",Afrikaans
My giddy aunt,English
"Uit het oog, uit het hart.",Nederlands
Jy hou jou rammetjie-uitnek.,Afrikaans
Hy het kaplaks van die stoel af geval.,Afrikaans
Spelling-bee,English
By and large,English
Gebraaide duiwe vlieg niemand in die mond nie.,Afrikaans
Penny saved is a penny earned - A,English
That's all she wrote,English
"Die belangrikste eienskap wat ‘n jong meisie moet openbaar, is blymoedigheid in haar lewensuitkyk.",Afrikaans
Vir g’n geld of goeie woorde te kry nie.,Afrikaans
For all intents and purposes,English
"As die muis dik is, is die kaas bitter.",Afrikaans
Go berserk,English
Whole-hearted,English
Jors praat al weer Engels.,Afrikaans
Women and children first,English
Drink like a fish,English
(The) order of the boot,English
Without let or hindrance,English
Give a man a fish and you will feed him for a day,English
Nest-egg,English
‘n Blinde hoender vind ook ‘n korreltjie.,Afrikaans
Preposterous,English
"“Pasop vir Chantel, sy brand die kookwater”.",Afrikaans
Draai jou mantel na die wind.,Afrikaans
Necessity is the mother of invention,English
Labour of love,English
Butter wouldn't melt in his mouth,English
To big for your breeches,English
"Eind goed, al goed.",Nederlands
Air quotes,English
Jou brandewyn bloots drink.,Afrikaans
All publicity is good publicity,English
"Romeo, Romeo, wherefore art thou Romeo?",English
Panic stations,English
Pommy bashing,English
Get on my wick,English
For all intents and purposes,English
No man is an island,English
Die meisies by Tukkies is gek oor mieliestamp.,Afrikaans
Exception that proves the rule - The,English
P.D.Q. - pretty damn quick,English
Bane of your life,English
Bad hair day,English
Less is more,English
In the bag,English
"The ants are my friends, they're blowing in the wind",English
It came like a bolt from the blue,English
The bane of my life,English
Hy groei deur sy hare.,Afrikaans
"To sleep: perchance to dream: ay, there's the rub",English
An Englishman's home is his castle,English
Dis nou druiwe na die Boland stuur.,Afrikaans
Love is blind,English
Cliff-hanger,English
Put paid to,English
No more cakes and ale?,English
Come up trumps,English
"Jack of all trades, master of none",English
A woman needs a man like a fish needs a bicycle,English
Happy slapping,English
Word in your shell-like - A,English
Alte goed is buurmansgek.,Afrikaans
Shakers and movers,English
Jy hou jou latjiesbeen by ‘n meisie.,Afrikaans
Ne'er do well,English
Brandewyn raas as dit uit die vat uit kom.,Afrikaans
Met geweld kan mens jou duim in jou hol afbreek.,Afrikaans
Turn a blind eye,English
Shit for brains,English
"Die lewe het my leer dink, maar die dink het my nie leer leef nie.",Afrikaans
"Something old, something new, something borrowed, something blue",English
Five o'clock shadow,English
Hoe bewierook hy nou sy baas.,Afrikaans
Stand up guy,English
Go and boil your head,English
Against the grain,English
Curiosity killed the cat,English
"Ek sien die veld, die Bosse, Berge, Vlakte. Ek hoor hoe fluister grasse, stroom en wind. O Heer, U sorg vir klein, vir groot, vir alles en U sorg dag na dag vir my, U kind.",Afrikaans
Eers grootmense en dan langore.,Afrikaans
Bought the farm,English
Horse feathers,English
Fell swoop - At one,English
Bread always falls buttered side down,English
You can't get blood out of a stone,English
’n Gedurige gedrup maak ’n gat in ’n klip.,Afrikaans
Alle wegen leiden naar Rome.,Nederlands
Well heeled,English
Die doodskleed het geen sakke nie.,Afrikaans
Absence makes the heart grow fonder,English
Sy hempie is kort.,Afrikaans
Cut of your jib - The,English
Main chance,English
Silly season,English
Je moet de vieze was niet buiten hangen.,Nederlands
Lose your marbles,English
Barking up the wrong tree,English
Homonyms,English
All things come to he who waits,English
Birds of a feather flock together,English
Warts and all,English
Geld wat stom is maak reg wat krom is.,Afrikaans
Baby blues,English
Spill the beans,English
Buckle down,English
Hobby-horse,English
The birds and the bees,English
Vir kwaadgeld rondloop.,Afrikaans
Dog in the manger,English
As white as snow,English
Geld uit iemand se sak jaag.,Afrikaans
Vanish into thin air,English
